his,bins
[1.35696054e+13 4.00972163e+11],[2.98247115e+09 5.12683988e+08]
