his,bins
[5.84019116e+12 1.99179702e+11],[9.78426438e+08 1.80691277e+08]
