his,bins
[3.96785843e+12 1.95713244e+11],[8.06379980e+08 1.79090175e+08]
