his,bins
[6.78152189e+12 2.00341260e+11],[1.49105579e+09 2.56280468e+08]
