his,bins
[1.35707163e+13 4.01025485e+11],[4.21776801e+09 7.25048886e+08]
