his,bins
[7.93952284e+12 3.91515535e+11],[1.14066694e+09 2.53300561e+08]
