his,bins
[1.35673857e+13 4.00865593e+11],[2.10900881e+09 3.62518103e+08]
