his,bins
[6.78481499e+12 2.00489884e+11],[2.98229299e+09 5.12657760e+08]
