his,bins
[1.16912244e+13 3.98825309e+11],[1.95752497e+09 3.61550252e+08]
