his,bins
[7.94198083e+12 3.91676151e+11],[1.61330035e+09 3.58273243e+08]
