his,bins
[5.84384579e+12 1.99345298e+11],[1.38397003e+09 2.55611454e+08]
