his,bins
[7.93460911e+12 3.91193820e+11],[8.06419635e+08 1.79058243e+08]
