his,bins
[3.97003915e+12 1.95815938e+11],[1.14063897e+09 2.53323120e+08]
