his,bins
[1.16931152e+13 3.98923212e+11],[2.76841539e+09 5.11341208e+08]
