his,bins
[3.96349679e+12 1.95506868e+11],[5.69951080e+08 1.26584151e+08]
