his,bins
[1.16874458e+13 3.98629473e+11],[1.38412226e+09 2.55622661e+08]
