his,bins
[6.78371666e+12 2.00440348e+11],[2.10875678e+09 3.62480974e+08]
