his,bins
[5.84567429e+12 1.99427968e+11],[1.95741741e+09 3.61542346e+08]
